Timestamp,Device_ID,Temperature,Humidity,Pressure,Vibration,Battery_Level,Status
2024-01-05 06:00:00,Device_5,34.66,35.3,1044.25,1.6,28.95,OK
2024-01-19 03:00:00,Device_7,34.52,47.78,954.28,2.35,68.76,OK
2024-02-05 20:00:00,Device_8,21.95,23.11,994.64,2.51,65.47,OK
2024-01-12 06:00:00,Device_1,47.41,39.45,957.0,1.0,83.36,OK
2024-01-05 10:00:00,Device_6,47.89,77.17,1022.92,1.58,98.94,OK
2024-01-03 23:00:00,Device_1,35.01,39.92,1010.84,3.96,40.07,OK
2024-01-30 04:00:00,Device_2,41.34,77.27,1020.66,4.58,60.77,OK
2024-01-01 20:00:00,Device_1,34.49,57.21,987.45,1.8,92.71,OK
2024-01-26 14:00:00,Device_5,29.38,81.59,986.95,1.53,82.82,Warning
2024-01-06 01:00:00,Device_10,36.43,60.23,954.53,0.98,58.99,Warning
2024-01-20 10:00:00,Device_9,32.12,22.08,984.99,3.39,95.63,OK
2024-01-09 22:00:00,Device_6,33.9,67.28,1042.93,1.62,24.58,Warning
2024-01-14 18:00:00,Device_1,41.35,23.14,987.92,4.94,94.48,OK
2024-01-20 02:00:00,Device_1,29.24,51.54,1033.14,1.63,24.04,OK
2024-01-04 15:00:00,Device_2,11.63,85.06,1034.23,1.97,63.78,OK
2024-01-16 12:00:00,Device_9,16.56,31.56,987.32,3.02,91.24,OK
2024-01-05 03:00:00,Device_3,27.54,47.29,1013.2,4.01,41.02,OK
2024-02-06 07:00:00,Device_1,38.99,71.09,959.54,2.35,57.78,OK
2024-01-28 15:00:00,Device_5,33.73,81.76,960.37,2.11,45.95,OK
2024-01-06 10:00:00,Device_7,36.01,66.97,954.87,4.98,96.17,Warning
2024-01-28 13:00:00,Device_6,29.17,38.07,1008.1,0.05,85.89,OK
2024-01-13 20:00:00,Device_1,34.63,67.22,992.61,4.48,76.72,OK
2024-02-02 01:00:00,Device_5,23.16,40.77,1004.8,0.75,67.01,OK
2024-01-15 07:00:00,Device_5,28.81,70.29,1002.11,3.93,85.65,OK
2024-01-21 11:00:00,Device_6,39.77,86.78,985.02,3.09,51.38,OK
2024-01-18 05:00:00,Device_3,44.87,70.5,1017.75,1.71,55.8,OK
2024-02-03 13:00:00,Device_5,27.35,80.4,1025.85,4.37,78.4,OK
2024-01-17 01:00:00,Device_7,11.75,20.15,951.46,0.06,48.62,Warning
2024-01-08 23:00:00,Device_5,16.47,70.23,970.72,1.13,25.11,OK
2024-02-09 19:00:00,Device_5,10.83,78.07,1021.32,2.83,25.95,Critical
2024-01-12 12:00:00,Device_5,36.13,22.84,988.66,1.76,29.23,OK
2024-01-07 16:00:00,Device_10,23.29,81.01,1016.25,3.05,89.57,OK
2024-01-20 03:00:00,Device_10,31.7,37.97,984.7,0.12,57.78,OK
2024-01-14 01:00:00,Device_3,29.73,66.57,989.08,0.58,77.03,OK
2024-01-01 21:00:00,Device_1,13.26,76.02,965.87,0.64,51.43,OK
2024-01-11 12:00:00,Device_5,26.13,66.39,975.82,0.95,40.7,OK
2024-02-01 03:00:00,Device_9,18.82,26.46,1010.54,2.3,47.78,Warning
2024-02-05 16:00:00,Device_1,26.74,61.74,993.32,3.76,83.53,Critical
2024-01-24 08:00:00,Device_3,18.14,58.47,1027.43,4.53,70.02,OK
2024-01-20 18:00:00,Device_4,43.62,83.02,1035.26,4.18,95.01,OK
2024-01-03 10:00:00,Device_1,16.97,48.3,1004.16,0.98,74.38,OK
2024-01-22 06:00:00,Device_1,48.43,42.48,1025.83,2.21,65.61,OK
2024-01-29 09:00:00,Device_8,26.64,72.49,980.69,1.0,68.82,Warning
2024-01-20 19:00:00,Device_2,43.85,48.89,991.5,1.32,95.39,Warning
2024-01-30 03:00:00,Device_8,35.15,65.23,1021.28,2.52,83.06,Warning
2024-02-10 15:00:00,Device_7,39.41,65.25,988.62,0.34,21.92,OK
2024-02-02 14:00:00,Device_10,40.71,82.16,1008.85,1.09,62.73,OK
2024-01-08 21:00:00,Device_10,30.19,61.91,968.54,4.68,75.07,OK
2024-02-09 21:00:00,Device_2,31.73,55.15,1009.98,2.33,79.9,Critical
2024-01-29 14:00:00,Device_6,30.56,29.72,1036.15,2.23,37.05,OK
2024-02-09 21:00:00,Device_6,33.52,28.1,1036.86,0.07,89.37,OK
2024-01-24 10:00:00,Device_3,11.18,30.8,1022.43,1.24,96.47,OK
2024-02-06 11:00:00,Device_2,25.82,32.03,1024.58,4.33,38.94,Warning
2024-01-24 14:00:00,Device_1,34.25,64.65,1005.79,0.82,90.61,OK
2024-01-11 03:00:00,Device_6,33.91,71.87,1008.47,2.08,27.76,OK
2024-02-04 15:00:00,Device_5,41.72,57.1,963.37,0.07,24.46,Critical
2024-01-22 00:00:00,Device_9,36.2,78.03,994.39,2.39,30.34,Critical
2024-01-06 10:00:00,Device_1,49.69,89.39,995.08,0.11,24.62,OK
2024-01-21 04:00:00,Device_7,21.35,77.4,1045.85,4.1,87.6,OK
2024-02-04 02:00:00,Device_5,24.37,68.64,993.11,4.12,24.72,Warning
2024-01-27 22:00:00,Device_5,25.35,57.27,1004.93,3.94,41.73,Critical
2024-01-01 20:00:00,Device_2,28.63,51.42,1003.33,1.42,28.3,OK
2024-02-05 00:00:00,Device_3,43.44,25.91,1013.68,4.19,43.63,OK
2024-01-07 22:00:00,Device_7,19.43,47.96,1024.82,2.71,27.24,OK
2024-01-12 09:00:00,Device_6,41.04,83.71,972.5,1.87,73.44,Warning
2024-01-17 03:00:00,Device_2,26.21,76.56,1002.87,3.13,30.67,OK
2024-01-26 00:00:00,Device_6,34.07,35.12,1032.59,0.06,88.15,OK
2024-01-14 03:00:00,Device_2,35.3,52.66,996.31,0.71,85.38,OK
2024-01-01 13:00:00,Device_2,24.91,77.17,977.85,3.71,21.09,Critical
2024-01-11 01:00:00,Device_2,30.5,24.72,1015.47,1.22,91.66,OK
2024-02-02 08:00:00,Device_3,26.52,47.12,1032.38,2.99,22.32,OK
2024-01-15 09:00:00,Device_2,12.77,79.63,956.31,1.93,39.17,OK
2024-01-24 12:00:00,Device_4,27.49,48.27,1027.68,4.27,22.59,OK
2024-02-07 09:00:00,Device_9,13.9,25.43,1032.16,4.76,46.87,OK
2024-01-15 03:00:00,Device_6,26.2,57.98,996.15,4.42,61.11,Warning
2024-01-04 19:00:00,Device_1,33.72,80.32,1048.33,1.35,83.73,OK
2024-01-16 06:00:00,Device_8,33.18,61.32,1028.67,0.97,47.04,Critical
2024-02-09 19:00:00,Device_7,36.5,35.84,1027.37,2.37,76.44,OK
2024-01-19 22:00:00,Device_10,13.81,46.9,1024.78,0.04,35.0,OK
2024-01-18 19:00:00,Device_3,36.08,51.51,965.06,0.13,80.05,OK
2024-01-22 04:00:00,Device_1,22.49,60.55,971.72,2.77,38.88,OK
2024-02-02 07:00:00,Device_5,25.96,73.15,996.4,2.6,31.48,OK
2024-02-09 06:00:00,Device_4,44.32,26.92,976.4,4.97,34.83,Warning
2024-01-02 10:00:00,Device_10,10.36,82.28,991.52,1.01,34.57,Warning
2024-01-09 13:00:00,Device_8,33.54,20.86,1038.85,1.29,61.03,OK
2024-01-04 08:00:00,Device_1,33.95,45.9,1032.43,0.57,87.58,Critical
2024-02-08 19:00:00,Device_10,25.87,21.92,1013.0,4.59,26.37,OK
2024-01-24 09:00:00,Device_1,19.48,47.51,1035.81,3.89,76.56,Warning
2024-02-06 07:00:00,Device_4,19.39,56.81,1028.38,4.11,72.35,OK
2024-01-17 03:00:00,Device_8,45.35,55.82,992.9,4.51,89.8,OK
2024-01-01 01:00:00,Device_5,27.68,31.59,970.11,2.62,39.53,Warning
2024-01-17 05:00:00,Device_2,23.24,65.2,1001.42,2.26,56.01,OK
2024-01-24 13:00:00,Device_6,27.95,23.13,1023.62,1.65,94.07,OK
2024-01-05 09:00:00,Device_5,36.78,73.33,993.64,2.95,72.8,OK
2024-02-02 03:00:00,Device_2,15.83,86.27,1016.68,2.27,51.1,OK
2024-02-04 05:00:00,Device_3,27.98,43.78,959.43,2.26,30.51,Warning
2024-01-20 20:00:00,Device_9,33.52,56.21,1024.8,4.68,41.0,OK
2024-01-30 06:00:00,Device_7,47.94,46.52,1031.27,4.92,66.5,Critical
2024-01-17 17:00:00,Device_7,20.1,20.47,1020.68,3.98,77.45,OK
2024-01-31 09:00:00,Device_6,24.37,47.01,1046.73,3.78,29.95,OK
2024-01-24 03:00:00,Device_8,25.17,75.42,1032.67,3.4,67.97,Warning
2024-01-07 17:00:00,Device_4,34.22,61.72,1040.31,0.83,64.03,OK
2024-01-09 09:00:00,Device_8,24.27,27.09,1043.36,0.3,61.12,Critical
2024-02-09 21:00:00,Device_4,31.34,79.3,1030.13,3.45,75.21,OK
2024-02-11 11:00:00,Device_8,41.27,57.18,1017.43,3.64,87.0,OK
2024-01-12 05:00:00,Device_9,38.22,78.92,950.57,0.23,45.84,OK
2024-02-05 22:00:00,Device_3,27.85,60.62,996.58,4.64,91.12,OK
2024-02-03 23:00:00,Device_3,44.57,59.18,1007.12,0.46,32.85,OK
2024-01-12 06:00:00,Device_2,32.33,27.37,980.4,1.43,33.84,Warning
2024-01-19 23:00:00,Device_10,31.6,31.72,981.81,3.36,41.34,OK
2024-01-20 05:00:00,Device_3,11.37,88.04,1046.12,0.85,29.56,OK
2024-01-31 06:00:00,Device_3,49.47,35.99,1039.17,0.28,38.43,OK
2024-01-11 11:00:00,Device_5,14.92,88.42,1034.92,1.66,28.51,OK
2024-01-30 05:00:00,Device_5,19.25,57.23,990.6,3.83,85.74,OK
2024-01-13 07:00:00,Device_2,12.07,29.51,951.37,2.07,31.12,Warning
2024-01-31 04:00:00,Device_10,35.6,26.95,958.02,3.26,79.78,Warning
2024-01-30 23:00:00,Device_6,18.99,34.62,981.22,2.9,23.83,Warning
2024-02-01 04:00:00,Device_5,17.2,84.79,951.57,0.11,95.88,Warning
2024-01-15 01:00:00,Device_6,13.54,48.99,951.71,4.94,76.89,OK
2024-02-06 14:00:00,Device_1,14.13,47.68,1041.66,0.21,20.54,Warning
2024-01-03 04:00:00,Device_5,33.39,41.92,1020.62,4.84,81.11,OK
2024-02-02 23:00:00,Device_9,37.53,30.29,980.9,2.75,61.13,OK
2024-02-08 09:00:00,Device_10,25.9,54.15,963.26,4.82,82.35,OK
2024-01-10 00:00:00,Device_2,29.2,29.1,1001.16,0.57,61.8,OK
2024-02-01 19:00:00,Device_1,37.44,78.48,950.53,2.45,71.28,Warning
2024-01-08 19:00:00,Device_10,10.7,45.93,1043.84,0.85,82.91,OK
2024-01-16 19:00:00,Device_9,22.93,46.24,991.48,0.25,52.41,Warning
2024-01-21 12:00:00,Device_10,48.92,53.18,990.23,3.09,20.22,OK
2024-01-02 16:00:00,Device_9,33.2,51.09,989.06,1.04,88.0,OK
2024-01-07 12:00:00,Device_9,20.17,89.64,956.93,2.94,50.47,Warning
2024-01-01 14:00:00,Device_6,30.87,58.18,1013.83,0.56,59.68,OK
2024-02-03 20:00:00,Device_8,23.71,26.17,1023.3,1.66,20.62,OK
2024-01-03 16:00:00,Device_1,31.29,62.48,1017.61,3.91,59.37,OK
2024-02-05 16:00:00,Device_10,15.03,30.61,963.84,2.19,98.92,OK
2024-02-04 22:00:00,Device_4,15.31,22.17,1007.88,3.14,42.26,OK
2024-01-22 16:00:00,Device_1,15.74,87.95,1006.95,3.24,51.63,OK
2024-01-15 07:00:00,Device_8,47.59,74.15,1036.84,4.22,74.98,Critical
2024-01-06 08:00:00,Device_1,39.32,88.61,987.91,1.62,85.18,Warning
2024-01-27 23:00:00,Device_3,16.5,53.45,987.15,3.44,53.39,Warning
2024-01-20 15:00:00,Device_4,17.53,57.26,1011.85,4.81,44.77,Warning
2024-01-03 14:00:00,Device_8,39.23,31.78,1013.31,3.65,95.03,OK
2024-01-06 18:00:00,Device_6,16.25,37.28,996.93,2.45,74.17,OK
2024-01-21 18:00:00,Device_10,19.38,78.7,994.31,3.15,29.52,OK
2024-01-25 16:00:00,Device_7,48.53,44.93,999.41,3.7,25.51,OK
2024-01-17 07:00:00,Device_8,20.21,77.88,1036.1,3.06,58.68,Critical
2024-01-29 02:00:00,Device_2,36.47,69.63,996.12,0.08,37.61,OK
2024-01-18 10:00:00,Device_10,49.15,32.4,1043.99,0.97,40.32,OK
2024-01-13 00:00:00,Device_8,24.97,55.52,1000.4,4.05,90.22,OK
2024-01-16 18:00:00,Device_3,10.7,67.42,1044.92,1.36,27.17,OK
2024-02-02 04:00:00,Device_7,19.77,36.45,1033.28,3.66,77.23,OK
2024-01-21 09:00:00,Device_3,43.24,78.15,986.24,1.86,41.69,OK
2024-01-10 14:00:00,Device_7,44.58,58.14,1036.36,2.61,80.83,OK
2024-01-02 16:00:00,Device_2,40.74,31.57,961.01,0.34,77.79,OK
2024-01-02 03:00:00,Device_10,14.52,60.81,1042.5,0.91,20.59,OK
2024-01-06 14:00:00,Device_6,41.82,89.98,1013.16,4.79,60.73,OK
2024-01-09 08:00:00,Device_3,46.75,30.54,955.44,4.45,31.15,Warning
2024-02-04 23:00:00,Device_3,34.02,77.17,1014.43,3.26,89.3,OK
2024-02-02 11:00:00,Device_9,47.64,34.51,1047.42,2.3,89.73,OK
2024-02-08 17:00:00,Device_7,43.07,74.77,956.98,3.38,53.47,Critical
2024-01-02 08:00:00,Device_5,36.68,71.42,1005.47,3.09,55.55,OK
2024-01-02 23:00:00,Device_10,33.09,41.03,1024.78,2.84,44.26,Warning
2024-01-21 22:00:00,Device_7,23.94,42.81,1031.03,0.3,77.33,Critical
2024-01-17 22:00:00,Device_9,16.37,75.48,991.38,3.16,48.69,OK
2024-01-24 21:00:00,Device_1,34.2,52.3,970.42,3.84,41.42,Warning
2024-01-31 07:00:00,Device_7,22.72,71.16,954.23,4.97,54.58,Warning
2024-02-03 12:00:00,Device_6,44.66,30.36,1007.97,0.06,27.32,OK
2024-01-05 02:00:00,Device_10,49.73,79.68,995.29,3.65,79.73,OK
2024-01-29 11:00:00,Device_9,40.1,69.76,1044.87,2.86,21.01,Critical
2024-02-06 07:00:00,Device_1,13.62,83.49,956.06,2.17,71.56,Warning
2024-01-31 05:00:00,Device_4,21.55,29.27,1018.54,0.64,34.63,OK
2024-02-11 02:00:00,Device_9,14.36,61.51,952.5,2.05,38.59,OK
2024-01-23 18:00:00,Device_4,36.02,61.94,967.14,1.77,70.85,Warning
2024-02-10 00:00:00,Device_10,40.61,44.74,995.36,1.51,99.44,OK
2024-01-31 18:00:00,Device_3,47.03,52.09,995.49,3.65,82.22,OK
2024-01-26 12:00:00,Device_9,27.53,22.66,1018.57,3.5,38.07,Warning
2024-02-09 06:00:00,Device_2,46.06,72.21,1041.02,2.95,34.08,OK
2024-01-20 05:00:00,Device_4,45.12,58.45,1013.9,4.69,89.3,OK
2024-01-27 18:00:00,Device_6,22.69,24.04,1045.35,1.75,55.53,Warning
2024-02-02 00:00:00,Device_2,44.76,67.65,1038.16,1.22,30.96,Warning
2024-01-01 04:00:00,Device_8,25.03,52.67,1008.45,3.28,88.98,OK
2024-01-10 01:00:00,Device_8,21.87,22.41,1033.38,0.99,85.29,OK
2024-01-21 22:00:00,Device_1,35.96,87.87,1014.26,1.58,98.71,OK
2024-02-01 22:00:00,Device_3,23.14,86.44,957.86,1.12,92.78,Critical
2024-01-17 13:00:00,Device_10,35.21,55.9,1024.06,0.35,88.14,OK
2024-02-06 06:00:00,Device_9,34.39,26.56,959.49,4.14,24.21,OK
2024-02-03 02:00:00,Device_5,32.54,72.82,1009.41,1.27,28.35,OK
2024-01-17 08:00:00,Device_6,25.22,54.44,1020.26,2.37,65.52,Warning
2024-01-09 14:00:00,Device_4,31.94,41.17,956.65,0.22,62.52,OK
2024-01-01 14:00:00,Device_10,33.86,54.4,973.08,3.5,56.64,OK
2024-02-05 17:00:00,Device_2,31.83,56.57,1041.57,1.65,51.74,OK
2024-01-24 01:00:00,Device_8,27.78,59.39,1011.63,3.72,54.5,Warning
2024-02-07 03:00:00,Device_6,10.59,50.89,974.63,2.06,65.54,OK
2024-01-20 04:00:00,Device_5,33.48,62.4,1019.07,0.98,20.17,OK
2024-01-29 18:00:00,Device_9,16.74,84.31,1009.68,2.57,40.86,OK
2024-01-24 22:00:00,Device_1,35.7,45.36,1000.16,0.65,61.46,Warning
2024-02-05 23:00:00,Device_5,40.37,70.8,1047.62,2.2,77.78,OK
2024-01-31 22:00:00,Device_6,30.02,82.61,1018.35,1.59,33.93,OK
2024-01-11 00:00:00,Device_5,31.69,51.92,987.54,4.56,63.75,OK
2024-01-24 11:00:00,Device_6,48.06,51.04,1030.01,0.3,77.16,Critical
2024-01-04 23:00:00,Device_6,43.89,62.15,1038.46,3.47,55.57,OK
2024-02-07 11:00:00,Device_7,46.57,61.4,962.52,0.91,22.17,Critical
2024-01-31 13:00:00,Device_4,42.55,76.46,970.06,1.6,55.94,Warning
2024-01-21 04:00:00,Device_8,14.36,53.35,971.62,2.08,43.72,OK
2024-01-17 22:00:00,Device_7,15.96,89.73,1019.12,4.54,94.37,OK
2024-01-10 14:00:00,Device_9,31.06,24.16,1010.3,1.21,29.97,OK
2024-02-01 04:00:00,Device_7,19.84,20.22,1011.9,0.46,72.2,OK
2024-01-28 06:00:00,Device_3,29.07,64.81,1044.08,1.59,24.22,OK
2024-01-08 02:00:00,Device_3,25.77,40.89,1027.59,0.52,55.69,OK
2024-01-23 12:00:00,Device_8,31.98,36.83,962.79,0.64,64.32,Critical
2024-01-02 11:00:00,Device_5,39.88,41.83,984.75,2.87,43.84,OK
2024-01-22 20:00:00,Device_4,38.62,37.92,993.54,0.3,56.41,Warning
2024-01-07 15:00:00,Device_8,30.85,22.16,989.6,0.15,33.08,OK
2024-02-04 22:00:00,Device_6,42.9,88.01,1016.93,3.57,44.33,OK
2024-01-30 02:00:00,Device_2,27.23,35.45,1039.19,1.81,69.69,Warning
2024-01-11 02:00:00,Device_4,45.87,71.38,980.61,0.63,44.14,OK
2024-01-04 13:00:00,Device_4,12.85,73.38,1005.19,1.27,91.98,Warning
2024-02-03 03:00:00,Device_6,48.19,85.05,1028.94,3.21,70.27,OK
2024-01-25 01:00:00,Device_6,36.19,22.14,991.62,1.38,55.09,OK
2024-01-29 09:00:00,Device_1,25.2,81.04,966.81,2.47,23.1,Warning
2024-01-24 04:00:00,Device_8,17.89,56.91,997.5,0.61,59.96,OK
2024-01-24 21:00:00,Device_6,29.17,64.28,955.52,2.94,81.18,OK
2024-02-09 16:00:00,Device_3,17.78,65.11,1044.24,1.58,41.24,Critical
2024-01-27 21:00:00,Device_9,16.65,77.39,957.48,3.13,84.54,OK
2024-02-03 03:00:00,Device_2,34.69,43.34,993.85,4.04,40.14,Critical
2024-01-02 03:00:00,Device_8,30.92,71.31,1002.99,3.06,85.9,Warning
2024-01-26 19:00:00,Device_10,36.8,57.0,1048.53,1.48,26.82,Warning
2024-01-24 03:00:00,Device_3,47.18,75.54,966.6,1.28,89.29,OK
2024-01-15 03:00:00,Device_5,31.29,89.34,961.44,1.64,59.93,OK
2024-02-03 05:00:00,Device_6,33.24,34.05,950.87,0.82,43.72,Warning
2024-02-09 21:00:00,Device_10,13.59,89.63,965.56,0.91,41.21,OK
2024-01-14 18:00:00,Device_6,38.71,26.29,970.73,3.95,54.56,OK
2024-01-27 15:00:00,Device_4,26.0,20.16,1013.06,1.92,99.92,OK
2024-01-22 01:00:00,Device_3,49.07,23.09,971.97,2.18,37.63,OK
2024-01-15 11:00:00,Device_4,42.93,43.92,952.05,2.97,28.26,Critical
2024-01-20 16:00:00,Device_1,30.9,64.3,1032.66,2.95,66.8,Warning
2024-01-10 14:00:00,Device_4,14.93,24.83,986.56,0.34,59.08,OK
2024-01-08 21:00:00,Device_1,44.38,20.4,985.37,4.16,61.94,OK
2024-01-10 08:00:00,Device_1,41.99,85.6,980.25,0.89,73.35,Warning
2024-01-17 00:00:00,Device_10,17.38,77.53,1047.54,3.62,41.37,OK
2024-01-16 16:00:00,Device_6,21.81,76.64,967.01,3.86,92.85,Critical
2024-01-12 18:00:00,Device_5,41.74,81.91,1039.82,3.57,54.85,OK
2024-02-09 21:00:00,Device_4,17.41,69.0,1027.68,2.89,30.33,OK
2024-01-27 08:00:00,Device_3,46.71,27.31,957.65,0.07,79.38,OK
2024-01-27 03:00:00,Device_1,26.98,47.94,1048.67,1.8,71.45,Critical
2024-02-10 12:00:00,Device_6,13.48,70.62,977.14,3.02,45.26,OK
2024-02-01 00:00:00,Device_2,42.63,39.62,959.86,1.94,69.72,OK
2024-01-11 18:00:00,Device_8,24.94,68.12,1032.93,4.32,37.59,OK
2024-01-15 22:00:00,Device_10,31.06,21.71,1020.67,1.54,55.59,Warning
2024-01-30 13:00:00,Device_5,14.49,41.43,1011.72,1.47,91.95,Warning
2024-01-19 23:00:00,Device_7,10.1,58.44,965.6,1.33,30.68,OK
2024-01-18 02:00:00,Device_10,35.52,64.25,997.85,1.66,50.94,OK
2024-01-28 00:00:00,Device_2,30.61,60.39,1028.06,2.79,85.69,OK
2024-01-14 05:00:00,Device_8,33.74,68.84,980.36,3.54,97.56,OK
2024-01-29 04:00:00,Device_2,41.75,20.43,981.17,3.31,56.31,OK
2024-01-10 08:00:00,Device_4,35.86,27.07,950.31,4.04,60.56,OK
2024-02-04 02:00:00,Device_1,16.99,80.83,967.42,4.43,65.77,OK
2024-01-10 17:00:00,Device_5,24.43,67.72,1037.54,4.08,94.59,OK
2024-01-29 11:00:00,Device_9,46.24,27.91,994.17,0.09,88.66,OK
2024-01-28 15:00:00,Device_1,40.8,78.95,1048.42,3.68,33.65,Warning
2024-02-10 14:00:00,Device_9,32.27,36.96,989.57,1.04,54.94,OK
2024-02-04 10:00:00,Device_8,20.23,53.48,1021.52,0.66,57.12,OK
2024-01-16 13:00:00,Device_6,22.08,30.16,978.19,3.19,83.13,OK
2024-01-28 23:00:00,Device_7,39.28,69.71,986.38,1.6,68.23,OK
2024-01-26 07:00:00,Device_3,44.05,66.68,969.07,0.29,72.34,OK
2024-01-20 15:00:00,Device_1,36.86,34.78,984.71,0.69,99.86,Warning
2024-01-10 16:00:00,Device_5,42.38,80.44,1004.72,0.0,26.0,OK
2024-01-29 19:00:00,Device_2,40.67,48.09,1049.18,4.52,37.84,OK
2024-01-05 16:00:00,Device_5,15.99,40.48,1016.42,0.12,52.63,OK
2024-02-04 13:00:00,Device_8,26.96,30.66,969.92,1.05,47.82,Warning
2024-01-21 16:00:00,Device_9,16.12,38.63,954.5,2.08,21.73,OK
2024-01-19 09:00:00,Device_2,19.41,21.54,962.64,1.78,27.34,OK
2024-01-24 11:00:00,Device_3,44.77,60.83,1006.26,4.56,74.48,OK
2024-01-12 03:00:00,Device_3,28.92,78.96,1026.52,0.2,90.35,OK
2024-01-22 05:00:00,Device_1,31.41,58.43,1044.04,2.56,61.14,Critical
2024-02-03 14:00:00,Device_8,17.14,35.35,951.58,3.4,63.14,Warning
2024-01-17 01:00:00,Device_6,22.49,22.36,1002.28,4.66,40.41,OK
2024-01-17 02:00:00,Device_8,19.21,35.02,997.09,3.1,81.43,OK
2024-01-05 16:00:00,Device_9,18.25,49.13,1015.61,4.02,80.14,Critical
2024-01-26 12:00:00,Device_5,35.52,73.17,1005.96,0.42,67.07,OK
2024-01-27 00:00:00,Device_3,20.28,33.15,1018.7,1.93,37.01,OK
2024-02-09 15:00:00,Device_5,35.28,70.39,1015.81,1.87,27.76,Critical
2024-01-04 08:00:00,Device_5,12.34,80.69,961.7,4.43,25.14,Warning
2024-01-30 02:00:00,Device_5,15.67,51.78,1029.97,0.76,67.42,OK
2024-01-05 16:00:00,Device_3,20.98,77.5,962.32,0.76,86.0,OK
2024-01-01 01:00:00,Device_10,33.88,58.83,1019.85,1.64,88.67,OK
2024-01-27 17:00:00,Device_4,37.03,64.6,991.61,0.27,57.09,Warning
2024-01-10 03:00:00,Device_9,27.71,56.84,1001.39,0.91,82.74,OK
2024-01-24 13:00:00,Device_10,27.83,52.42,1040.33,4.83,95.75,OK
2024-02-05 14:00:00,Device_9,38.98,36.43,1038.99,2.14,42.01,OK
2024-02-11 12:00:00,Device_2,10.63,41.22,1031.79,3.16,51.84,OK
2024-01-31 15:00:00,Device_8,23.64,40.3,1001.01,3.63,94.52,OK
2024-01-10 08:00:00,Device_8,42.75,59.43,1023.62,1.83,47.06,OK
2024-01-17 00:00:00,Device_7,34.13,28.4,1001.29,0.74,93.11,OK
2024-01-17 18:00:00,Device_8,23.49,84.18,1036.96,1.03,98.48,OK
2024-01-27 13:00:00,Device_3,46.22,70.45,990.28,1.57,72.94,Critical
2024-01-06 09:00:00,Device_6,40.9,48.1,1047.02,3.18,85.35,OK
2024-01-03 04:00:00,Device_1,20.6,31.1,1043.23,1.99,79.96,Warning
2024-01-29 11:00:00,Device_7,35.81,81.74,1024.16,0.03,75.96,Critical
2024-01-31 09:00:00,Device_1,33.83,77.66,977.94,2.62,44.55,OK
2024-01-28 23:00:00,Device_9,26.05,70.52,963.17,4.61,24.57,OK
2024-01-30 13:00:00,Device_1,24.68,39.01,1035.47,4.06,47.44,Critical
2024-01-18 07:00:00,Device_1,23.74,48.17,966.53,4.13,73.35,OK
2024-01-11 06:00:00,Device_7,34.69,27.19,1035.43,3.98,28.2,OK
2024-02-04 19:00:00,Device_2,27.7,33.23,999.08,1.62,20.95,OK
2024-01-19 06:00:00,Device_5,43.27,74.81,990.66,3.83,31.18,OK
2024-01-09 10:00:00,Device_8,36.78,70.05,1040.32,0.72,77.26,Warning
2024-01-08 15:00:00,Device_8,12.8,61.54,1010.39,3.29,97.82,Warning
2024-01-06 02:00:00,Device_3,35.61,82.7,1007.66,3.21,98.65,Warning
2024-01-17 16:00:00,Device_7,20.85,60.83,1005.88,0.13,59.52,OK
2024-02-01 22:00:00,Device_3,33.71,52.69,987.12,3.94,89.55,OK
2024-01-13 05:00:00,Device_6,37.21,43.83,1028.56,4.52,78.95,OK
2024-01-12 15:00:00,Device_6,19.23,85.83,975.28,1.34,60.08,OK
2024-02-04 20:00:00,Device_3,28.27,25.79,1043.89,4.06,65.82,OK
2024-02-06 19:00:00,Device_7,17.61,85.16,1039.4,0.41,30.98,OK
2024-01-26 09:00:00,Device_3,12.09,77.87,983.75,3.0,95.01,OK
2024-01-09 05:00:00,Device_8,25.14,29.1,1022.95,2.43,48.15,OK
2024-02-10 21:00:00,Device_10,24.52,59.55,1007.32,2.73,55.69,OK
2024-02-07 18:00:00,Device_4,49.82,80.66,983.76,4.63,73.73,OK
2024-01-22 06:00:00,Device_1,27.85,60.03,1048.85,4.36,46.71,OK
2024-02-01 07:00:00,Device_4,23.34,83.5,952.52,3.93,40.34,OK
2024-01-06 23:00:00,Device_7,33.22,86.01,975.26,1.37,70.48,OK
2024-01-26 08:00:00,Device_4,13.55,49.57,1002.01,4.56,22.0,Warning
2024-01-09 08:00:00,Device_6,48.47,46.41,1002.2,0.49,77.66,Warning
2024-01-06 03:00:00,Device_9,35.4,85.54,1008.89,4.27,61.12,Critical
2024-01-08 18:00:00,Device_1,40.19,67.26,1025.17,1.64,68.46,OK
2024-01-14 13:00:00,Device_5,16.82,28.12,1012.35,0.27,70.55,OK
2024-01-20 07:00:00,Device_7,26.38,22.96,1010.03,3.35,62.16,OK
2024-01-15 12:00:00,Device_1,26.91,59.52,955.35,1.16,66.6,Warning
2024-02-02 02:00:00,Device_4,42.87,85.11,987.65,1.22,74.7,OK
2024-01-28 11:00:00,Device_6,10.05,79.1,973.21,1.53,80.25,Warning
2024-02-01 19:00:00,Device_2,22.03,67.31,976.54,0.32,78.2,OK
2024-02-09 18:00:00,Device_10,49.25,29.74,1005.43,0.89,89.57,Critical
2024-02-08 19:00:00,Device_5,29.0,37.8,969.95,0.03,35.16,Critical
2024-01-17 18:00:00,Device_10,25.3,81.29,979.39,2.23,52.09,OK
2024-01-15 09:00:00,Device_1,14.79,32.8,973.71,0.42,95.82,OK
2024-02-10 02:00:00,Device_6,48.97,39.49,1044.85,3.41,51.73,OK
2024-01-22 06:00:00,Device_6,10.8,29.07,1044.47,1.18,29.99,OK
2024-01-07 02:00:00,Device_4,39.49,67.33,1010.99,4.72,62.04,OK
2024-01-07 03:00:00,Device_8,40.74,86.08,1042.45,4.36,28.76,OK
2024-02-05 23:00:00,Device_4,19.75,38.83,1028.58,1.45,36.23,OK
2024-01-30 14:00:00,Device_8,36.86,53.28,1008.99,3.92,99.87,OK
2024-02-04 03:00:00,Device_8,13.72,64.4,950.64,4.02,63.31,OK
2024-01-21 08:00:00,Device_5,20.28,89.96,1027.25,4.93,42.72,OK
2024-02-08 16:00:00,Device_4,41.52,27.34,1020.25,2.99,99.58,OK
2024-02-08 23:00:00,Device_2,44.59,54.9,1011.53,0.41,97.32,OK
2024-01-27 15:00:00,Device_3,34.34,46.96,1026.04,3.23,55.26,Warning
2024-01-23 22:00:00,Device_3,30.27,80.61,1001.29,3.12,40.83,OK
2024-01-15 01:00:00,Device_4,16.37,53.32,1020.41,3.19,87.07,Warning
2024-02-06 07:00:00,Device_4,12.52,27.77,1043.52,1.54,77.25,OK
2024-01-27 16:00:00,Device_10,14.71,64.41,987.58,4.3,74.96,OK
2024-02-02 10:00:00,Device_5,19.09,73.95,1020.81,4.8,91.45,OK
2024-02-11 03:00:00,Device_4,23.67,20.2,997.57,1.09,75.15,OK
2024-02-09 16:00:00,Device_10,25.24,80.13,1017.44,0.44,42.7,OK
2024-01-20 16:00:00,Device_8,23.85,33.02,1026.29,0.97,75.51,OK
2024-02-09 09:00:00,Device_6,19.56,58.64,954.55,4.1,44.47,OK
2024-01-07 06:00:00,Device_6,30.39,49.11,1014.66,3.38,80.74,OK
2024-01-18 06:00:00,Device_8,43.01,70.38,972.67,3.18,69.58,OK
2024-02-11 05:00:00,Device_7,21.19,45.98,1017.0,2.01,26.19,Warning
2024-01-13 09:00:00,Device_10,47.7,80.88,996.83,2.89,61.03,OK
2024-01-26 10:00:00,Device_10,44.93,71.13,1027.36,1.54,47.46,OK
2024-01-11 22:00:00,Device_8,16.47,65.34,962.34,2.39,46.29,Warning
2024-02-01 19:00:00,Device_2,41.45,75.74,1012.63,3.97,68.18,OK
2024-01-06 23:00:00,Device_9,32.98,72.78,977.85,4.91,45.79,Warning
2024-01-15 09:00:00,Device_1,32.66,22.52,1035.3,4.66,82.15,OK
2024-01-26 23:00:00,Device_8,25.64,47.63,1042.84,4.67,25.66,OK
2024-01-24 19:00:00,Device_4,30.05,85.16,1049.64,2.01,72.83,Critical
2024-02-06 16:00:00,Device_4,25.89,28.8,1029.6,2.34,84.74,OK
2024-01-01 01:00:00,Device_5,31.59,71.6,1025.37,3.53,73.83,Warning
2024-02-07 08:00:00,Device_8,35.12,88.22,971.55,4.61,59.78,OK
2024-01-13 15:00:00,Device_5,36.97,23.65,983.6,0.71,96.02,OK
2024-01-11 13:00:00,Device_8,31.3,67.75,996.57,1.52,44.0,Warning
2024-01-28 03:00:00,Device_10,38.86,52.77,1027.34,0.7,21.53,OK
2024-01-19 20:00:00,Device_1,15.65,60.54,1041.5,3.06,54.56,Warning
2024-01-02 12:00:00,Device_10,18.48,25.97,968.91,1.53,22.64,OK
2024-01-07 15:00:00,Device_9,42.75,23.01,1042.24,1.63,96.31,OK
2024-01-01 08:00:00,Device_6,22.9,66.68,1019.56,0.35,36.79,OK
2024-01-10 16:00:00,Device_3,10.92,77.63,1011.08,1.75,83.11,Warning
2024-01-05 02:00:00,Device_8,16.15,74.74,969.98,4.31,81.97,OK
2024-01-28 10:00:00,Device_9,18.94,58.07,955.55,1.17,37.42,OK
2024-02-03 23:00:00,Device_6,48.29,26.99,1006.85,3.48,69.7,Warning
2024-01-09 15:00:00,Device_7,32.92,68.16,1015.15,3.15,23.85,Warning
2024-01-06 10:00:00,Device_1,47.31,36.93,971.08,4.32,58.69,OK
2024-01-17 19:00:00,Device_5,33.01,83.77,1005.65,0.66,21.17,OK
2024-01-07 07:00:00,Device_5,29.17,78.68,1035.65,4.89,93.69,OK
2024-01-03 05:00:00,Device_10,22.55,69.66,1033.51,2.91,98.09,OK
2024-01-05 23:00:00,Device_4,34.25,86.42,1042.74,4.98,37.78,OK
2024-01-29 00:00:00,Device_6,15.57,22.2,986.59,4.56,36.65,OK
2024-02-08 07:00:00,Device_7,45.93,71.53,981.8,1.11,80.3,OK
2024-01-27 03:00:00,Device_9,43.17,43.12,1024.94,0.28,40.27,Warning
2024-01-25 10:00:00,Device_1,22.7,83.42,993.11,1.28,91.61,Warning
2024-01-27 00:00:00,Device_6,48.11,38.67,958.75,2.64,65.91,OK
2024-02-10 07:00:00,Device_7,43.01,70.74,978.28,0.86,48.06,OK
2024-01-18 11:00:00,Device_3,36.65,81.44,991.86,0.84,86.62,OK
2024-01-18 13:00:00,Device_8,14.87,22.92,979.25,2.31,59.47,OK
2024-01-05 07:00:00,Device_5,29.13,47.84,983.22,0.17,92.93,Warning
2024-02-05 11:00:00,Device_9,30.24,73.36,979.38,0.61,94.24,OK
2024-01-11 13:00:00,Device_5,19.3,51.84,954.15,2.08,33.23,OK
2024-01-10 10:00:00,Device_9,13.2,38.71,1013.71,0.32,20.19,OK
2024-01-05 15:00:00,Device_10,41.07,35.39,1009.73,1.98,98.71,OK
2024-01-22 05:00:00,Device_4,14.88,29.21,1015.34,2.37,92.49,OK
2024-01-20 16:00:00,Device_9,33.77,80.0,969.23,2.26,24.44,OK
2024-01-05 02:00:00,Device_5,47.46,60.27,979.57,4.35,86.64,OK
2024-01-07 08:00:00,Device_10,45.04,25.35,1011.96,2.65,56.62,OK
2024-02-05 20:00:00,Device_9,21.11,46.78,1009.96,2.34,40.72,Warning
2024-02-08 01:00:00,Device_3,44.06,45.74,1000.63,2.05,90.3,Warning
2024-02-07 07:00:00,Device_4,10.01,32.72,985.04,4.09,35.73,OK
2024-02-06 13:00:00,Device_9,10.71,50.49,1041.29,4.48,95.78,OK
2024-01-15 01:00:00,Device_10,34.1,43.25,983.98,4.27,36.45,OK
2024-01-30 09:00:00,Device_6,24.59,43.93,995.56,3.37,69.09,OK
2024-02-04 05:00:00,Device_2,25.46,71.73,1017.81,0.69,37.85,OK
2024-01-07 18:00:00,Device_7,32.58,35.63,1004.3,1.38,63.65,OK
2024-01-30 23:00:00,Device_2,17.67,64.93,984.69,0.23,74.72,OK
2024-02-09 20:00:00,Device_2,18.47,59.95,993.56,4.65,35.22,OK
2024-01-29 08:00:00,Device_1,29.38,59.77,1029.45,3.3,61.67,OK
2024-02-11 11:00:00,Device_3,40.17,66.41,977.81,3.73,57.52,OK
2024-01-07 16:00:00,Device_6,34.78,58.39,964.23,1.56,25.68,Warning
2024-01-25 03:00:00,Device_8,21.89,81.55,981.32,4.23,85.46,OK
2024-02-03 08:00:00,Device_9,27.21,67.29,1034.95,1.3,46.85,OK
2024-01-17 13:00:00,Device_7,16.83,58.29,958.9,0.01,65.97,OK
2024-01-12 12:00:00,Device_4,12.99,78.08,1049.17,1.88,61.18,Warning
2024-02-03 23:00:00,Device_6,41.31,62.43,1004.1,2.85,61.06,Warning
2024-02-08 03:00:00,Device_5,20.62,40.38,1048.48,2.39,28.58,Warning
2024-01-21 23:00:00,Device_8,17.11,34.5,1043.9,4.31,53.88,OK
2024-02-07 07:00:00,Device_1,37.66,30.66,995.28,0.53,56.19,OK
2024-01-17 07:00:00,Device_1,34.72,82.96,969.85,2.77,78.69,Warning
2024-01-06 14:00:00,Device_6,35.33,69.71,966.49,2.56,87.2,OK
2024-01-09 02:00:00,Device_10,19.16,85.62,974.0,1.41,63.6,OK
2024-01-17 16:00:00,Device_2,19.31,62.23,1021.01,4.11,26.94,Warning
2024-01-27 15:00:00,Device_5,18.83,53.14,977.29,3.76,38.95,OK
2024-01-02 08:00:00,Device_1,16.95,24.18,984.14,3.66,33.19,OK
2024-01-29 15:00:00,Device_7,36.23,67.01,994.88,4.38,29.97,OK
2024-01-20 03:00:00,Device_1,43.92,60.75,1041.32,3.61,49.27,OK
2024-02-09 18:00:00,Device_4,38.97,89.31,968.94,1.16,38.35,OK
2024-02-06 18:00:00,Device_9,41.68,36.74,950.5,3.53,37.46,OK
2024-01-20 13:00:00,Device_1,26.19,57.15,956.01,1.54,24.38,Warning
2024-01-16 14:00:00,Device_4,36.16,65.57,1040.48,1.21,21.41,OK
2024-01-01 21:00:00,Device_6,24.17,65.12,1014.75,0.37,28.22,Warning
2024-02-01 05:00:00,Device_6,31.02,59.29,977.3,3.72,33.78,OK
2024-01-28 21:00:00,Device_8,29.27,74.38,967.72,3.56,54.48,OK
2024-01-02 13:00:00,Device_1,17.08,34.35,979.43,1.17,60.84,Warning
2024-01-10 13:00:00,Device_7,25.48,70.79,961.48,3.75,31.25,Warning
2024-01-16 04:00:00,Device_1,48.55,63.38,1044.15,4.59,53.98,OK
2024-01-24 10:00:00,Device_7,19.94,82.73,1028.42,0.54,47.34,Warning
2024-01-19 05:00:00,Device_3,15.35,79.3,996.24,1.16,34.67,Warning
2024-02-02 07:00:00,Device_8,26.74,42.06,1036.5,3.75,20.55,Warning
2024-01-12 18:00:00,Device_3,41.61,39.34,974.95,1.37,57.36,OK
2024-01-02 02:00:00,Device_1,33.29,88.72,1021.71,3.12,74.85,Warning
2024-01-10 09:00:00,Device_8,37.24,56.91,1035.61,0.41,38.1,Critical
2024-01-12 12:00:00,Device_3,17.59,83.45,985.68,2.26,30.54,Warning
2024-02-03 05:00:00,Device_2,34.76,31.47,1025.75,3.7,90.96,OK
2024-01-26 08:00:00,Device_1,22.94,65.0,979.51,3.43,42.0,OK
2024-01-12 19:00:00,Device_3,43.37,76.69,979.89,4.08,37.89,OK
2024-02-06 14:00:00,Device_2,35.17,86.32,960.71,4.39,88.57,OK
2024-02-09 23:00:00,Device_2,17.95,43.61,994.01,3.87,85.37,Critical
2024-01-21 00:00:00,Device_6,12.58,70.75,1022.97,3.36,55.87,OK
2024-01-19 20:00:00,Device_1,11.71,57.72,1044.02,0.16,59.14,OK
2024-02-04 12:00:00,Device_2,24.86,24.24,1010.38,2.67,37.42,Critical
2024-02-03 23:00:00,Device_6,20.63,68.3,1036.31,0.19,26.26,OK
2024-01-28 10:00:00,Device_3,35.84,68.31,1032.25,4.04,65.87,OK
2024-01-22 11:00:00,Device_4,29.97,85.14,967.33,1.6,27.87,OK
2024-01-23 18:00:00,Device_1,20.64,54.81,998.58,2.81,55.94,OK
2024-01-08 23:00:00,Device_8,15.97,36.12,961.69,1.4,95.24,OK
2024-01-03 00:00:00,Device_7,15.09,23.12,1018.22,3.91,96.23,Critical
2024-01-22 07:00:00,Device_7,44.59,49.09,1044.99,4.43,39.15,OK
2024-01-01 16:00:00,Device_3,19.74,41.13,963.71,1.99,69.93,OK
2024-01-08 03:00:00,Device_10,36.07,73.28,1023.39,4.31,57.93,OK
2024-01-10 03:00:00,Device_10,42.43,44.8,1013.22,1.34,90.05,OK
2024-01-07 13:00:00,Device_3,34.56,86.43,1008.36,2.67,41.71,OK
2024-01-20 20:00:00,Device_2,44.38,87.36,989.01,4.29,20.3,OK
2024-01-02 21:00:00,Device_1,25.7,63.46,985.51,1.63,33.0,OK
2024-01-16 12:00:00,Device_7,48.25,85.01,954.52,4.77,47.96,Warning
2024-01-22 13:00:00,Device_7,15.33,73.26,971.79,0.61,45.26,OK
2024-01-05 02:00:00,Device_2,14.09,58.28,951.52,0.09,83.31,OK
2024-02-07 03:00:00,Device_7,36.35,32.62,1008.14,4.52,74.44,Warning
2024-02-01 00:00:00,Device_8,47.71,52.1,960.59,0.34,43.96,OK
2024-01-02 12:00:00,Device_1,42.36,59.26,1037.3,4.96,56.62,OK
2024-01-12 15:00:00,Device_9,13.06,80.48,1002.31,4.76,27.64,OK
2024-01-15 12:00:00,Device_7,21.17,53.69,1019.97,0.69,91.85,OK
2024-01-21 16:00:00,Device_3,47.21,82.84,991.09,2.69,94.83,OK
2024-01-13 13:00:00,Device_8,20.12,67.2,1006.06,0.92,98.38,OK
2024-01-08 12:00:00,Device_7,41.25,29.59,1044.27,2.14,89.48,OK
2024-01-26 06:00:00,Device_8,43.01,89.65,958.27,0.31,33.92,OK
2024-01-05 02:00:00,Device_6,29.82,56.91,975.39,1.12,23.7,OK
2024-01-30 03:00:00,Device_9,25.45,47.43,1028.0,1.82,66.37,OK
2024-02-11 08:00:00,Device_5,28.0,66.14,959.87,2.19,93.01,Warning
2024-01-05 19:00:00,Device_3,19.08,27.62,957.57,4.89,34.19,Critical
2024-01-08 22:00:00,Device_3,45.58,64.56,986.15,4.04,20.56,Warning
2024-01-11 12:00:00,Device_1,28.02,54.88,959.22,3.69,84.44,OK
2024-02-10 20:00:00,Device_8,45.3,48.47,1008.51,2.69,26.14,OK
2024-02-08 15:00:00,Device_2,14.23,86.71,972.63,4.2,53.1,OK
2024-02-10 22:00:00,Device_3,49.53,56.58,1039.57,1.7,74.31,OK
2024-01-07 16:00:00,Device_8,27.73,35.34,1028.35,3.54,38.94,OK
2024-01-11 15:00:00,Device_8,11.91,52.13,1019.97,4.97,26.72,OK
2024-01-14 10:00:00,Device_4,11.52,84.36,1011.69,1.57,81.6,OK
2024-01-06 07:00:00,Device_4,39.85,32.33,1036.35,3.37,70.41,OK
2024-01-01 17:00:00,Device_5,36.36,34.98,972.31,4.22,99.08,Critical
2024-02-03 00:00:00,Device_6,42.09,20.91,1037.31,4.58,47.54,OK
2024-01-31 14:00:00,Device_5,14.21,20.99,1028.95,3.59,24.94,OK
2024-01-24 13:00:00,Device_7,11.42,78.06,1024.82,1.42,78.75,OK
2024-01-24 17:00:00,Device_2,30.34,71.25,1006.13,1.63,61.74,OK
2024-01-14 10:00:00,Device_7,25.5,44.85,974.62,0.1,37.06,OK
2024-02-06 07:00:00,Device_10,28.48,68.88,992.35,3.8,82.54,OK
2024-01-29 13:00:00,Device_7,49.66,47.66,1029.36,0.21,36.3,OK
2024-02-02 23:00:00,Device_1,48.83,86.7,953.18,4.32,40.85,Warning
2024-01-27 01:00:00,Device_7,47.69,87.69,1028.21,0.59,27.4,Warning
2024-01-12 23:00:00,Device_5,41.35,47.5,974.01,0.86,51.95,Critical
2024-02-09 06:00:00,Device_3,24.19,79.8,964.43,2.38,53.51,Warning
2024-02-05 13:00:00,Device_3,26.49,74.12,961.57,3.69,61.16,OK
2024-01-28 14:00:00,Device_4,31.98,41.7,952.73,0.7,76.72,OK
2024-02-10 01:00:00,Device_2,43.22,36.24,1002.36,2.2,92.49,OK
2024-01-27 14:00:00,Device_2,12.75,52.08,971.83,2.41,31.02,OK
2024-01-07 10:00:00,Device_1,26.97,74.69,1048.94,1.06,24.35,OK
2024-01-21 09:00:00,Device_5,13.3,87.21,1007.44,0.58,21.48,Warning
2024-01-17 01:00:00,Device_4,30.59,73.45,963.79,4.18,31.49,OK
2024-02-11 01:00:00,Device_10,45.96,79.86,1018.88,2.51,72.64,OK
2024-02-02 16:00:00,Device_2,41.3,62.21,1039.77,0.07,78.2,OK
2024-01-05 07:00:00,Device_3,19.11,78.48,1024.52,4.01,82.92,Critical
2024-02-08 16:00:00,Device_7,49.04,74.91,957.64,4.9,39.5,OK
2024-01-17 08:00:00,Device_7,36.69,46.39,1039.59,3.03,44.47,Warning
2024-02-03 18:00:00,Device_4,10.42,58.64,1029.39,2.52,58.65,Warning
2024-01-11 05:00:00,Device_5,20.22,76.33,965.83,4.39,25.05,Critical
2024-01-08 07:00:00,Device_5,20.43,23.22,955.18,4.76,68.89,Warning
2024-01-02 14:00:00,Device_6,12.77,76.57,1005.73,3.77,98.7,Warning
2024-01-20 20:00:00,Device_9,48.39,32.45,965.6,2.23,48.86,OK
2024-01-29 09:00:00,Device_2,29.13,56.03,1033.46,2.96,80.23,OK
2024-02-01 14:00:00,Device_5,45.83,76.58,985.83,3.5,60.0,OK
2024-01-23 09:00:00,Device_3,22.89,37.77,1041.29,0.97,30.22,OK
2024-02-06 02:00:00,Device_4,15.01,37.21,1006.57,2.24,66.58,Critical
2024-02-04 01:00:00,Device_10,28.97,48.19,968.27,4.15,43.99,OK
2024-02-08 08:00:00,Device_6,14.56,82.62,963.96,3.27,22.75,Warning
2024-01-17 23:00:00,Device_8,29.44,20.03,1007.65,2.06,70.79,OK
2024-01-22 20:00:00,Device_1,46.81,83.1,1026.19,3.32,88.71,OK
2024-02-04 11:00:00,Device_10,30.83,30.77,1028.15,0.59,47.58,Critical
2024-01-22 01:00:00,Device_8,34.66,89.31,977.58,2.01,51.22,OK
2024-02-07 14:00:00,Device_7,16.27,86.84,970.42,3.97,91.28,OK
2024-02-04 08:00:00,Device_1,11.75,54.63,951.68,1.1,85.09,OK
2024-01-02 11:00:00,Device_2,14.43,55.89,1017.92,0.93,77.2,OK
2024-01-29 12:00:00,Device_3,33.94,53.71,957.66,4.75,39.9,OK
2024-01-01 19:00:00,Device_1,13.8,64.48,992.08,1.05,92.82,OK
2024-01-14 08:00:00,Device_9,25.04,26.35,1010.17,1.3,32.35,OK
2024-02-02 07:00:00,Device_8,32.0,22.28,1043.71,4.85,70.14,Warning
2024-01-22 07:00:00,Device_2,25.55,24.04,981.18,3.67,22.3,Warning
2024-01-17 15:00:00,Device_9,16.55,51.11,974.98,3.5,71.5,OK
2024-01-28 05:00:00,Device_7,20.95,39.29,1015.42,4.26,42.17,OK
2024-02-10 11:00:00,Device_9,47.13,63.54,1011.92,0.58,55.97,Warning
2024-02-06 18:00:00,Device_6,37.04,89.47,983.21,3.53,47.62,OK
2024-01-20 14:00:00,Device_6,29.84,47.04,1042.81,2.52,33.82,OK
2024-01-06 22:00:00,Device_4,10.51,60.17,1034.49,4.15,69.76,OK
2024-01-04 19:00:00,Device_10,49.7,49.09,972.4,2.54,90.56,Warning
2024-01-15 17:00:00,Device_10,36.86,79.31,973.91,3.1,96.73,OK
2024-02-04 17:00:00,Device_2,22.68,83.16,1001.23,2.39,35.39,OK
2024-02-03 07:00:00,Device_7,45.17,81.41,1027.36,2.39,77.39,OK
2024-01-31 06:00:00,Device_5,20.34,88.21,954.4,3.84,73.15,OK
2024-02-09 22:00:00,Device_6,31.76,21.93,1019.33,3.14,47.47,OK
2024-02-05 13:00:00,Device_2,35.44,78.79,1014.82,3.17,21.53,OK
2024-01-03 02:00:00,Device_5,18.84,72.62,973.15,2.25,75.18,Warning
2024-01-28 16:00:00,Device_10,49.14,36.01,1018.14,2.66,95.64,Critical
2024-01-30 01:00:00,Device_4,39.93,86.94,1044.02,3.73,70.57,OK
2024-01-24 22:00:00,Device_9,32.31,30.37,954.68,4.13,54.82,OK
2024-01-08 21:00:00,Device_6,17.22,67.57,981.97,3.48,62.01,OK
2024-01-06 04:00:00,Device_2,12.15,35.74,993.82,4.62,35.97,Warning
2024-01-07 05:00:00,Device_1,22.8,50.2,1039.93,4.1,80.04,Warning
2024-01-14 01:00:00,Device_5,40.13,70.34,1046.23,2.81,79.71,OK
2024-01-24 17:00:00,Device_9,20.77,59.43,994.41,3.36,31.64,OK
2024-01-15 05:00:00,Device_6,31.58,49.93,1025.0,4.63,90.24,Warning
2024-01-13 16:00:00,Device_10,39.12,42.84,1003.17,3.1,41.54,OK
2024-01-29 19:00:00,Device_7,14.32,78.78,1003.78,4.12,98.58,OK
2024-01-29 09:00:00,Device_5,37.41,30.07,977.81,3.44,50.63,OK
2024-02-04 21:00:00,Device_10,13.67,50.11,971.7,2.76,34.23,OK
2024-02-02 14:00:00,Device_6,48.61,83.26,978.8,1.21,48.14,OK
2024-01-03 05:00:00,Device_5,29.54,79.21,1005.63,2.13,55.21,Warning
2024-01-19 11:00:00,Device_9,16.03,48.07,952.92,4.84,25.54,OK
2024-01-26 12:00:00,Device_6,23.7,73.42,1040.72,3.29,66.26,OK
2024-02-11 08:00:00,Device_8,26.54,77.62,965.63,2.82,67.81,OK
2024-01-11 23:00:00,Device_2,40.33,82.22,972.01,4.66,79.11,OK
2024-01-03 04:00:00,Device_9,39.74,58.12,1001.83,2.93,22.33,OK
2024-01-24 19:00:00,Device_5,34.48,34.31,1021.01,2.63,63.3,OK
2024-01-26 19:00:00,Device_7,14.24,37.87,959.57,3.8,24.23,Warning
2024-01-01 04:00:00,Device_10,16.06,40.7,981.77,3.56,76.09,OK
2024-01-05 06:00:00,Device_1,13.75,61.57,1046.87,0.97,24.46,OK
2024-01-09 03:00:00,Device_10,33.09,22.3,976.23,2.36,92.94,OK
2024-02-02 05:00:00,Device_5,45.09,64.52,981.31,2.36,76.17,OK
2024-02-06 12:00:00,Device_10,27.35,45.5,1033.65,1.89,60.59,Warning
2024-02-11 07:00:00,Device_2,16.43,40.67,955.02,2.59,55.32,OK
2024-02-06 19:00:00,Device_6,32.32,81.56,996.46,2.07,30.45,Critical
2024-01-15 13:00:00,Device_1,42.47,52.2,987.96,1.0,43.28,OK
2024-01-02 22:00:00,Device_3,39.67,26.65,981.66,2.06,89.52,Warning
2024-02-06 02:00:00,Device_5,45.26,77.87,978.57,0.36,92.36,OK
2024-02-04 06:00:00,Device_4,21.12,23.33,959.14,2.88,20.06,OK
2024-02-08 23:00:00,Device_3,17.76,70.87,981.48,4.27,67.53,OK
2024-02-04 03:00:00,Device_10,45.19,74.17,954.31,3.63,77.54,OK
2024-01-28 07:00:00,Device_5,36.3,44.68,1028.1,1.8,69.5,Warning
2024-01-12 04:00:00,Device_8,22.44,77.74,989.82,0.44,26.53,Warning
2024-01-16 09:00:00,Device_4,39.69,56.1,994.39,1.01,37.42,OK
2024-01-27 11:00:00,Device_1,42.6,52.43,1039.36,2.73,40.03,OK
2024-01-05 09:00:00,Device_7,34.6,23.18,1015.81,1.04,86.54,OK
2024-01-28 21:00:00,Device_8,37.52,40.3,950.81,2.72,57.06,Warning
2024-01-28 10:00:00,Device_3,25.01,85.17,1044.32,1.16,58.95,OK
2024-01-28 08:00:00,Device_6,31.55,47.43,973.71,4.24,94.79,OK
2024-01-05 23:00:00,Device_2,30.97,58.27,960.76,1.99,70.97,OK
2024-02-04 14:00:00,Device_7,43.92,57.24,1026.81,1.23,91.89,Warning
2024-02-02 18:00:00,Device_8,43.6,61.33,1000.05,4.06,56.52,OK
2024-01-26 03:00:00,Device_6,43.31,24.29,993.38,1.71,31.95,Warning
2024-01-03 09:00:00,Device_6,10.44,45.35,974.95,0.56,94.39,Warning
2024-02-09 14:00:00,Device_5,39.98,70.62,1004.75,2.85,56.7,OK
2024-01-15 09:00:00,Device_8,40.35,34.04,977.44,2.91,34.53,OK
2024-01-31 20:00:00,Device_1,37.14,34.25,1040.16,3.57,44.19,Warning
2024-01-20 17:00:00,Device_10,40.25,20.71,971.52,1.2,24.06,OK
2024-01-05 20:00:00,Device_4,43.68,50.62,1038.44,2.22,57.46,Critical
2024-02-04 13:00:00,Device_4,28.81,81.79,1005.94,1.41,88.25,OK
2024-02-02 22:00:00,Device_3,30.08,23.63,1032.85,0.4,94.69,OK
2024-01-06 06:00:00,Device_3,14.99,33.38,1021.28,4.38,94.61,Critical
2024-01-17 08:00:00,Device_4,25.42,41.71,1019.67,3.64,30.02,OK
2024-02-07 19:00:00,Device_1,35.73,71.22,982.43,1.51,50.56,OK
2024-01-27 16:00:00,Device_2,41.22,64.84,973.39,3.0,22.26,Warning
2024-01-03 09:00:00,Device_9,18.69,49.12,971.09,1.01,88.41,OK
2024-01-27 09:00:00,Device_10,15.51,73.13,1035.72,4.45,48.7,OK
2024-01-22 08:00:00,Device_2,36.52,62.67,1032.04,0.57,70.49,OK
2024-02-01 06:00:00,Device_5,10.08,82.72,994.06,0.02,77.19,Warning
2024-02-03 09:00:00,Device_9,17.13,77.26,963.24,2.51,54.39,Warning
2024-01-04 23:00:00,Device_9,11.16,37.7,988.23,2.92,44.52,OK
2024-01-27 13:00:00,Device_8,16.68,39.0,1011.93,2.89,96.98,Warning
2024-01-05 21:00:00,Device_1,17.25,28.77,995.44,0.27,97.16,Warning
2024-01-24 07:00:00,Device_1,25.51,43.59,1028.02,1.57,43.15,OK
2024-01-26 00:00:00,Device_9,26.09,89.97,1049.76,2.5,58.37,OK
2024-01-21 07:00:00,Device_8,44.97,48.4,969.11,1.08,97.83,OK
2024-01-10 20:00:00,Device_10,30.4,35.43,995.97,4.36,20.39,OK
2024-02-06 20:00:00,Device_9,38.94,73.37,993.1,0.44,53.01,Warning
2024-02-07 08:00:00,Device_7,14.17,57.97,980.45,2.44,28.04,Warning
2024-01-12 07:00:00,Device_3,19.02,30.47,969.81,3.46,60.73,OK
2024-01-08 20:00:00,Device_3,38.12,46.65,956.57,1.31,21.97,OK
2024-02-11 14:00:00,Device_2,12.11,49.01,1038.71,3.12,52.55,OK
2024-01-30 07:00:00,Device_5,29.46,72.77,991.98,4.15,37.66,OK
2024-01-19 14:00:00,Device_3,33.97,21.45,999.69,0.95,62.66,OK
2024-01-25 04:00:00,Device_6,34.09,38.83,1041.69,4.59,99.68,OK
2024-02-02 21:00:00,Device_2,10.92,56.23,1027.63,2.77,84.04,OK
2024-02-05 20:00:00,Device_3,22.88,38.82,963.05,1.5,87.65,OK
2024-01-11 06:00:00,Device_5,35.46,63.99,1006.54,2.15,70.82,Warning
2024-02-10 02:00:00,Device_1,15.96,53.73,994.23,1.56,23.32,OK
2024-01-04 03:00:00,Device_1,37.82,45.32,1029.72,3.63,36.54,OK
2024-01-07 09:00:00,Device_10,39.84,86.44,1022.42,3.98,94.01,OK
2024-01-28 07:00:00,Device_9,49.28,64.25,1019.04,4.16,49.29,OK
2024-01-19 02:00:00,Device_7,18.39,29.1,984.05,4.93,28.29,OK
2024-02-11 12:00:00,Device_1,43.01,59.21,1030.5,3.96,76.19,OK
2024-01-04 13:00:00,Device_8,30.81,74.65,955.24,3.01,43.96,Warning
2024-01-30 00:00:00,Device_3,24.94,69.59,965.96,1.7,41.51,OK
2024-01-12 20:00:00,Device_8,14.9,32.05,983.56,2.72,99.84,Warning
2024-02-10 13:00:00,Device_5,39.42,88.07,957.68,0.21,88.65,Critical
2024-01-10 03:00:00,Device_1,19.43,51.42,973.5,3.72,52.64,Warning
2024-01-03 20:00:00,Device_7,24.86,31.13,1033.02,2.23,98.42,OK
2024-01-02 22:00:00,Device_5,12.5,32.61,1044.83,0.1,72.01,Critical
2024-01-04 21:00:00,Device_6,42.05,26.88,980.46,0.31,79.36,OK
2024-02-01 05:00:00,Device_6,40.66,76.25,976.45,1.94,22.52,OK
2024-02-09 21:00:00,Device_8,39.34,28.54,977.99,2.92,29.73,Warning
2024-01-19 20:00:00,Device_9,21.98,28.76,977.77,2.32,70.65,OK
2024-01-09 11:00:00,Device_2,16.94,79.53,953.59,3.1,91.92,OK
2024-02-07 23:00:00,Device_9,35.5,44.12,1042.69,2.4,69.9,OK
2024-01-10 01:00:00,Device_10,29.85,22.16,971.37,3.31,30.72,OK
2024-01-20 17:00:00,Device_9,17.13,23.63,992.0,1.1,29.26,OK
2024-01-18 23:00:00,Device_10,37.44,29.95,950.97,0.56,87.53,OK
2024-01-15 04:00:00,Device_10,49.65,34.94,1035.8,2.98,31.14,Critical
2024-01-23 22:00:00,Device_7,39.89,66.56,1023.12,2.42,61.62,Critical
2024-01-26 11:00:00,Device_1,39.6,31.01,1044.68,0.13,22.97,Warning
2024-01-13 00:00:00,Device_7,48.01,28.32,1028.16,1.9,26.45,OK
2024-01-11 13:00:00,Device_10,18.12,73.53,981.37,0.53,73.79,OK
2024-01-31 13:00:00,Device_5,32.62,66.97,974.79,2.66,75.13,Critical
2024-01-15 20:00:00,Device_6,49.19,50.47,1019.77,1.98,47.32,Warning
2024-01-01 22:00:00,Device_10,16.61,58.45,986.41,3.07,37.25,OK
2024-02-01 17:00:00,Device_7,38.01,41.84,1006.62,4.03,85.1,OK
2024-01-22 17:00:00,Device_5,33.43,53.78,950.63,1.5,37.37,OK
2024-02-01 13:00:00,Device_7,33.46,55.47,956.19,4.81,63.36,OK
2024-02-04 20:00:00,Device_9,37.91,47.11,1003.54,2.68,97.46,OK
2024-01-05 03:00:00,Device_3,47.18,83.46,1006.61,3.09,31.83,Warning
2024-02-03 09:00:00,Device_8,41.3,21.12,1025.15,3.4,95.27,OK
2024-01-08 11:00:00,Device_2,12.25,74.75,963.2,3.33,34.63,OK
2024-01-10 06:00:00,Device_7,44.11,28.71,1001.32,2.55,65.4,OK
2024-02-07 17:00:00,Device_2,19.02,75.83,969.44,2.14,50.16,OK
2024-02-01 17:00:00,Device_4,25.08,63.11,959.32,0.27,97.19,OK
2024-01-28 10:00:00,Device_7,28.47,79.03,991.05,0.11,41.88,OK
2024-01-19 09:00:00,Device_3,29.24,26.83,966.33,1.79,51.97,OK
2024-01-26 07:00:00,Device_2,27.41,59.13,972.18,1.67,98.63,Warning
2024-02-02 00:00:00,Device_10,47.49,55.08,981.76,1.94,62.92,OK
2024-01-14 12:00:00,Device_7,38.24,69.43,975.94,0.69,60.21,OK
2024-01-22 11:00:00,Device_1,35.25,57.4,958.76,3.69,40.62,OK
2024-01-01 15:00:00,Device_8,11.99,57.85,958.99,4.28,76.11,Warning
2024-02-02 23:00:00,Device_3,46.16,50.07,969.32,4.69,21.15,OK
2024-01-14 23:00:00,Device_2,46.38,41.62,955.06,2.46,23.96,Warning
2024-02-01 14:00:00,Device_3,41.21,53.76,1012.65,3.5,67.95,OK
2024-01-11 17:00:00,Device_5,10.28,28.29,978.73,4.28,47.33,Warning
2024-01-21 16:00:00,Device_8,12.29,87.31,977.97,2.09,96.27,Warning
2024-02-11 03:00:00,Device_10,19.01,70.01,983.2,1.55,92.26,OK
2024-02-07 07:00:00,Device_7,15.25,86.67,1016.28,4.68,77.1,OK
2024-01-07 15:00:00,Device_7,25.95,35.87,1037.06,2.58,85.45,OK
2024-01-20 18:00:00,Device_7,46.9,81.55,1025.91,2.49,73.39,Warning
2024-02-05 11:00:00,Device_8,28.88,76.62,1022.75,0.89,30.05,OK
2024-01-28 15:00:00,Device_1,10.54,67.4,998.44,0.54,81.24,OK
2024-02-07 19:00:00,Device_4,21.31,63.75,1019.38,4.21,36.82,Warning
2024-01-29 17:00:00,Device_6,11.78,42.16,1005.28,3.07,45.88,Warning
2024-01-29 02:00:00,Device_9,11.45,77.15,971.63,1.63,85.54,OK
2024-01-16 19:00:00,Device_2,21.03,55.11,970.86,0.96,62.92,OK
2024-01-23 16:00:00,Device_1,21.02,24.96,979.64,2.78,88.8,OK
2024-02-08 16:00:00,Device_10,41.49,41.9,1041.08,2.92,37.04,OK
2024-02-09 20:00:00,Device_2,48.99,85.47,1004.74,1.03,68.62,OK
2024-01-29 18:00:00,Device_7,24.85,79.55,1023.39,4.26,26.7,OK
2024-01-18 18:00:00,Device_3,27.16,88.73,984.66,0.42,71.44,OK
2024-01-26 12:00:00,Device_10,43.79,63.96,990.77,1.78,81.0,Warning
2024-01-12 03:00:00,Device_2,20.73,37.33,962.56,3.4,66.79,OK
2024-02-04 18:00:00,Device_7,16.26,31.4,967.13,1.37,41.3,OK
2024-01-25 00:00:00,Device_2,44.12,33.08,1032.74,4.14,22.51,OK
2024-01-18 08:00:00,Device_3,11.86,21.39,1008.48,3.7,29.56,OK
2024-01-07 23:00:00,Device_7,34.79,47.35,983.75,3.95,69.78,OK
2024-02-05 01:00:00,Device_4,32.48,33.4,1030.29,0.6,94.75,OK
2024-01-02 18:00:00,Device_1,23.84,48.82,974.65,0.7,36.52,Warning
2024-01-24 03:00:00,Device_5,22.61,85.45,1047.6,1.43,78.8,OK
2024-01-12 20:00:00,Device_9,40.87,50.14,984.48,2.59,89.32,OK
2024-01-17 12:00:00,Device_8,13.46,81.46,983.73,3.74,61.67,Critical
2024-01-01 11:00:00,Device_9,19.47,62.39,981.19,4.18,73.54,OK
2024-01-26 06:00:00,Device_10,39.3,37.3,962.21,3.52,85.2,Warning
2024-01-13 13:00:00,Device_9,31.93,44.91,961.11,4.64,40.85,OK
2024-02-07 09:00:00,Device_7,15.12,25.87,1014.81,3.69,43.75,Warning
2024-01-11 12:00:00,Device_4,45.29,43.34,1037.51,1.53,20.05,OK
2024-01-21 18:00:00,Device_5,25.74,67.43,1029.05,1.33,97.05,Warning
2024-02-01 09:00:00,Device_1,43.11,25.05,964.11,3.48,93.4,Warning
2024-01-02 10:00:00,Device_1,41.51,34.38,1004.56,0.96,81.17,OK
2024-01-31 06:00:00,Device_3,34.98,46.7,960.56,0.46,26.33,OK
2024-02-05 08:00:00,Device_8,29.78,88.74,954.53,2.66,55.8,Warning
2024-01-04 17:00:00,Device_2,49.18,74.94,1015.64,4.11,28.15,OK
2024-02-02 07:00:00,Device_4,15.8,71.34,1003.52,0.51,21.27,OK
2024-01-26 04:00:00,Device_2,39.01,28.13,958.2,3.96,69.29,OK
2024-02-08 09:00:00,Device_5,17.65,74.67,953.49,4.06,96.87,Warning
2024-02-10 09:00:00,Device_9,23.53,74.97,1048.98,2.41,92.23,OK
2024-01-26 01:00:00,Device_1,22.35,62.08,953.0,0.29,75.74,OK
2024-01-18 09:00:00,Device_5,47.88,89.33,994.45,0.87,27.73,OK
2024-01-05 18:00:00,Device_9,48.69,42.77,1000.46,3.54,41.93,Warning
2024-01-26 16:00:00,Device_1,17.32,85.89,961.73,3.56,45.6,Critical
2024-02-07 14:00:00,Device_9,10.88,84.03,966.91,4.49,81.05,Critical
2024-01-09 03:00:00,Device_8,38.8,20.8,985.18,2.91,84.18,OK
2024-02-04 09:00:00,Device_4,26.72,51.51,1026.17,0.62,50.81,Warning
2024-01-21 20:00:00,Device_10,13.55,88.4,1000.71,0.61,53.43,OK
2024-01-27 01:00:00,Device_5,37.35,27.22,1013.79,3.61,23.56,OK
2024-01-21 12:00:00,Device_5,31.8,58.34,1048.52,0.92,43.13,OK
2024-01-04 02:00:00,Device_6,49.22,88.53,1026.8,1.64,56.1,OK
2024-01-18 04:00:00,Device_7,19.1,58.88,993.44,2.44,29.36,Critical
2024-01-16 15:00:00,Device_8,26.16,33.29,994.64,0.12,56.26,OK
2024-01-18 11:00:00,Device_8,31.7,60.75,1011.88,1.24,88.25,OK
2024-01-31 08:00:00,Device_2,41.67,34.31,1016.54,2.04,66.51,Warning
2024-01-12 12:00:00,Device_9,31.95,56.38,1000.07,1.4,26.31,Warning
2024-02-01 16:00:00,Device_7,34.52,25.18,1014.49,0.68,35.33,OK
2024-01-29 03:00:00,Device_4,19.05,62.38,952.35,3.64,57.96,OK
2024-01-17 09:00:00,Device_4,43.88,56.18,992.96,4.07,48.92,Warning
2024-02-06 04:00:00,Device_8,27.15,71.81,977.89,1.29,48.7,OK
2024-01-20 00:00:00,Device_4,15.64,64.15,962.92,3.87,62.34,OK
2024-02-08 07:00:00,Device_6,36.57,58.47,959.95,1.93,66.75,OK
2024-01-08 23:00:00,Device_5,18.64,68.28,1010.32,2.53,83.75,OK
2024-01-31 18:00:00,Device_3,13.9,30.08,1002.36,4.28,47.28,Warning
2024-01-29 16:00:00,Device_10,44.48,61.68,975.36,3.75,84.44,OK
2024-01-05 02:00:00,Device_2,28.41,32.05,997.1,4.03,47.09,OK
2024-01-23 19:00:00,Device_9,39.97,84.79,999.22,0.68,24.43,OK
2024-02-10 17:00:00,Device_10,21.62,24.78,969.5,0.35,64.34,OK
2024-02-11 14:00:00,Device_9,41.48,50.13,1015.21,4.47,67.03,OK
2024-01-04 23:00:00,Device_1,14.48,68.71,1028.09,1.94,94.76,OK
2024-01-28 15:00:00,Device_10,24.24,52.06,1029.15,1.44,78.08,OK
2024-01-28 14:00:00,Device_3,49.12,26.45,1010.25,3.62,93.42,OK
2024-01-08 21:00:00,Device_8,41.76,58.74,1001.16,4.18,92.67,OK
2024-01-31 15:00:00,Device_6,29.89,64.91,956.1,4.31,68.37,OK
2024-01-02 12:00:00,Device_5,23.59,69.27,978.78,1.58,62.22,OK
2024-02-02 11:00:00,Device_5,44.89,46.13,959.33,4.26,64.6,OK
2024-01-16 08:00:00,Device_6,31.79,59.46,1046.38,0.2,98.27,Critical
2024-01-29 22:00:00,Device_7,40.34,51.55,963.51,0.25,81.85,OK
2024-01-22 20:00:00,Device_1,40.16,67.04,965.18,3.12,28.5,OK
2024-01-12 14:00:00,Device_9,10.72,60.85,1038.96,0.32,82.27,OK
2024-01-10 00:00:00,Device_3,15.05,56.8,1044.39,1.62,33.64,Critical
2024-02-06 02:00:00,Device_4,36.39,37.47,1026.58,3.36,55.79,OK
2024-02-06 08:00:00,Device_10,16.46,20.14,950.54,1.69,36.84,Warning
2024-02-03 05:00:00,Device_1,20.22,32.19,950.13,0.9,75.17,OK
2024-01-12 08:00:00,Device_10,47.87,28.19,987.81,1.41,90.18,Critical
2024-02-06 16:00:00,Device_3,32.41,51.44,964.34,2.29,43.23,Warning
2024-01-03 13:00:00,Device_2,40.03,62.86,951.84,2.38,26.56,OK
2024-01-25 19:00:00,Device_2,32.32,34.92,996.41,3.92,43.88,OK
2024-02-06 15:00:00,Device_1,32.1,85.73,1044.31,3.75,73.79,OK
2024-01-31 08:00:00,Device_8,13.77,20.47,982.38,2.28,46.3,OK
2024-01-15 05:00:00,Device_3,23.75,74.06,1016.11,4.23,42.25,OK
2024-01-17 12:00:00,Device_3,21.3,63.76,1015.22,0.57,34.75,OK
2024-01-30 02:00:00,Device_6,25.63,46.15,975.11,1.28,59.8,OK
2024-01-01 18:00:00,Device_8,41.93,23.53,1015.04,4.14,42.08,OK
2024-01-08 08:00:00,Device_9,24.88,63.92,971.23,1.89,78.48,OK
2024-01-26 11:00:00,Device_9,28.07,46.99,962.2,4.91,26.13,OK
2024-01-17 11:00:00,Device_4,25.9,85.54,1020.14,2.33,73.12,OK
2024-01-19 12:00:00,Device_5,13.74,57.94,961.34,3.96,39.0,Critical
2024-01-10 16:00:00,Device_2,27.64,85.78,1049.69,2.01,59.14,OK
2024-02-08 02:00:00,Device_9,17.82,35.43,968.35,2.12,42.89,Warning
2024-01-04 03:00:00,Device_8,17.47,70.8,1009.41,1.91,77.82,OK
2024-01-12 00:00:00,Device_3,13.76,63.21,991.14,3.6,95.62,OK
2024-01-19 22:00:00,Device_9,24.27,71.76,962.64,2.74,93.37,OK
2024-02-03 03:00:00,Device_3,40.3,35.03,952.78,4.72,66.67,OK
2024-01-30 21:00:00,Device_9,21.06,66.55,1012.27,1.25,57.01,Warning
2024-01-31 14:00:00,Device_2,22.49,54.86,1030.68,0.5,85.46,OK
2024-01-16 23:00:00,Device_10,35.71,72.0,1034.2,1.97,74.67,OK
2024-01-24 11:00:00,Device_9,17.83,42.89,998.27,3.08,34.69,Critical
2024-02-05 10:00:00,Device_8,45.88,82.3,1027.75,4.3,85.67,OK
2024-01-22 01:00:00,Device_9,30.81,25.9,1017.28,1.73,54.31,Critical
2024-01-16 06:00:00,Device_5,27.9,76.5,1022.43,3.27,35.12,Critical
2024-01-06 23:00:00,Device_2,32.31,80.29,999.26,1.75,42.54,OK
2024-02-06 20:00:00,Device_8,16.64,77.21,1013.34,3.09,41.4,OK
2024-01-03 20:00:00,Device_6,34.54,55.89,1030.55,4.42,61.54,OK
2024-01-05 02:00:00,Device_8,24.52,50.69,989.79,1.16,38.75,OK
2024-01-17 11:00:00,Device_5,45.89,89.74,1030.6,2.02,29.89,OK
2024-01-02 00:00:00,Device_10,16.75,36.04,1009.2,4.97,29.9,Critical
2024-02-09 11:00:00,Device_2,30.28,58.28,966.59,4.34,66.66,Warning
2024-02-07 02:00:00,Device_6,33.92,66.95,952.47,2.82,78.78,OK
2024-01-20 12:00:00,Device_5,11.34,69.06,986.28,2.58,45.72,OK
2024-01-21 03:00:00,Device_5,24.55,34.28,1004.67,1.42,22.77,OK
2024-01-24 12:00:00,Device_1,39.31,65.78,1033.98,2.59,30.18,OK
2024-01-07 06:00:00,Device_2,42.82,77.29,962.75,4.24,93.18,Warning
2024-01-06 23:00:00,Device_8,22.53,23.5,1030.02,3.43,59.48,OK
2024-01-24 16:00:00,Device_3,41.94,83.81,1036.3,1.45,56.29,OK
2024-01-02 14:00:00,Device_10,48.71,22.07,965.07,1.01,23.04,OK
2024-01-05 12:00:00,Device_3,44.27,44.92,1035.16,1.33,78.29,Warning
2024-01-29 20:00:00,Device_8,14.71,21.11,1049.15,0.85,62.25,OK
2024-01-02 17:00:00,Device_8,39.59,25.4,1022.68,0.48,36.17,Warning
2024-01-08 17:00:00,Device_2,22.79,83.78,1028.48,2.1,28.81,OK
2024-02-08 22:00:00,Device_8,49.54,44.84,1049.44,0.57,50.67,Warning
2024-01-17 13:00:00,Device_1,29.41,49.73,1010.55,0.86,86.97,OK
2024-01-10 06:00:00,Device_6,14.9,35.07,980.79,2.74,89.22,OK
2024-01-27 09:00:00,Device_8,39.01,61.8,1033.75,0.82,68.23,Warning
2024-01-06 12:00:00,Device_3,22.92,61.64,1011.45,0.32,78.2,OK
2024-01-07 18:00:00,Device_8,49.88,46.05,1008.12,1.59,29.21,OK
2024-01-09 22:00:00,Device_1,49.19,43.31,975.36,1.1,67.05,OK
2024-01-31 12:00:00,Device_9,36.25,81.95,1025.63,2.58,73.36,Warning
2024-01-10 18:00:00,Device_9,15.19,46.83,958.17,0.51,36.06,Critical
2024-02-05 02:00:00,Device_5,37.47,54.55,1042.43,3.76,90.41,OK
2024-01-28 09:00:00,Device_10,13.72,39.83,982.58,4.53,35.6,OK
2024-02-01 06:00:00,Device_4,11.17,75.07,962.78,3.72,45.08,Warning
2024-01-25 11:00:00,Device_6,42.92,47.82,994.24,2.66,69.64,OK
2024-01-01 08:00:00,Device_7,18.39,55.95,954.25,4.3,71.07,Critical
2024-01-04 01:00:00,Device_5,25.16,37.74,1018.46,3.47,75.95,OK
2024-02-09 17:00:00,Device_10,48.94,89.14,1040.27,0.05,28.96,Critical
2024-01-21 11:00:00,Device_9,23.47,40.4,1033.73,1.97,87.96,Warning
2024-02-08 00:00:00,Device_3,21.86,73.95,962.74,4.25,62.63,Warning
2024-01-11 12:00:00,Device_7,46.73,49.92,962.63,1.73,57.71,OK
2024-01-10 13:00:00,Device_10,14.43,34.44,1031.34,0.18,98.49,OK
2024-01-22 14:00:00,Device_10,40.38,75.98,1042.43,3.73,79.23,OK
2024-01-08 05:00:00,Device_5,49.52,43.35,996.07,4.01,29.44,OK
2024-01-28 04:00:00,Device_7,46.05,80.56,999.9,0.8,80.52,OK
2024-01-07 23:00:00,Device_2,36.07,84.07,981.83,2.69,27.62,OK
2024-01-08 01:00:00,Device_4,22.56,80.19,1039.43,0.96,22.2,Warning
2024-01-17 08:00:00,Device_2,20.17,22.45,1014.49,3.6,52.29,OK
2024-02-09 09:00:00,Device_7,42.77,75.12,978.83,1.36,99.49,OK
2024-02-03 02:00:00,Device_2,45.19,48.79,979.88,1.58,33.99,OK
2024-01-27 09:00:00,Device_1,31.02,81.16,1039.12,4.22,73.81,OK
2024-01-09 01:00:00,Device_9,19.77,64.66,951.36,2.38,33.87,OK
2024-01-22 12:00:00,Device_1,14.52,78.36,982.27,3.35,77.98,OK
2024-01-02 04:00:00,Device_8,13.49,54.96,1005.44,2.01,60.43,Warning
2024-01-07 20:00:00,Device_2,38.76,57.45,964.82,1.49,74.4,OK
2024-01-18 13:00:00,Device_8,26.8,30.11,959.21,3.13,36.23,OK
2024-01-15 02:00:00,Device_3,46.21,74.88,1031.53,0.77,79.65,OK
2024-01-27 23:00:00,Device_6,39.59,49.36,1039.44,1.86,99.65,Warning
2024-01-21 15:00:00,Device_3,17.65,55.01,1032.36,1.05,73.25,OK
2024-01-16 04:00:00,Device_7,34.55,74.96,1039.88,3.48,59.48,Warning
2024-02-04 16:00:00,Device_10,27.42,61.92,1005.31,4.72,93.85,OK
2024-01-15 05:00:00,Device_9,33.09,34.08,1031.23,4.98,21.27,Warning
2024-01-21 19:00:00,Device_2,39.52,61.32,988.4,2.25,78.39,OK
2024-01-28 08:00:00,Device_5,42.25,48.53,1016.63,1.26,91.1,OK
2024-01-22 06:00:00,Device_6,43.75,52.87,1048.88,2.21,24.93,OK
2024-01-14 14:00:00,Device_4,20.16,21.98,972.57,4.24,56.01,OK
2024-01-10 00:00:00,Device_4,11.24,34.7,988.99,1.03,36.38,OK
2024-01-13 12:00:00,Device_4,39.57,39.67,998.0,4.76,65.32,Warning
2024-01-06 11:00:00,Device_2,14.25,69.91,963.8,1.71,71.96,OK
2024-02-03 11:00:00,Device_4,22.6,20.8,958.1,4.93,44.21,Critical
2024-01-03 21:00:00,Device_1,10.15,48.61,1032.97,4.19,56.8,Warning
2024-01-11 11:00:00,Device_6,37.27,84.68,1047.68,4.04,42.35,OK
2024-01-18 06:00:00,Device_1,16.69,27.83,990.47,1.59,49.55,Warning
2024-02-02 18:00:00,Device_10,36.21,56.15,958.76,0.04,32.76,OK
2024-01-19 12:00:00,Device_6,49.67,75.06,956.58,1.91,90.84,OK
2024-02-06 11:00:00,Device_1,12.91,85.98,1039.13,1.51,20.8,Critical
2024-01-08 13:00:00,Device_6,13.08,72.27,996.38,0.19,90.59,OK
2024-01-07 22:00:00,Device_10,23.62,70.44,982.0,2.53,65.73,OK
2024-01-04 18:00:00,Device_8,44.66,77.85,997.65,2.02,46.53,OK
2024-01-30 17:00:00,Device_2,18.62,51.23,981.83,3.17,77.84,OK
2024-02-05 17:00:00,Device_2,24.42,76.41,998.9,3.11,60.62,Critical
2024-01-23 02:00:00,Device_4,12.74,20.56,1035.96,0.6,59.93,OK
2024-01-02 14:00:00,Device_3,40.53,84.72,1009.23,4.88,28.81,OK
2024-01-06 05:00:00,Device_4,26.33,51.03,1019.47,0.93,51.16,OK
2024-01-19 18:00:00,Device_7,40.37,58.74,986.47,2.23,39.29,OK
2024-01-08 04:00:00,Device_1,46.14,37.84,1023.85,2.44,21.26,OK
2024-01-28 04:00:00,Device_6,19.31,71.98,1016.66,4.07,48.81,OK
2024-02-01 09:00:00,Device_3,42.3,25.36,961.96,0.5,27.19,OK
2024-01-10 03:00:00,Device_10,12.36,81.08,1007.26,2.14,40.55,OK
2024-01-27 13:00:00,Device_7,45.95,77.97,975.67,3.14,27.4,Critical
2024-01-03 09:00:00,Device_10,36.03,35.12,1030.41,1.08,28.08,OK
2024-01-28 11:00:00,Device_2,44.97,76.65,992.59,3.14,35.92,Warning
2024-01-20 19:00:00,Device_2,10.01,75.05,1049.47,4.62,99.99,Warning
2024-01-19 23:00:00,Device_4,16.76,64.26,959.25,4.99,20.17,Warning
2024-02-04 12:00:00,Device_1,25.59,46.15,1028.03,0.16,71.09,Warning
2024-02-07 06:00:00,Device_3,25.18,39.0,1017.37,1.18,31.3,OK
2024-01-16 00:00:00,Device_9,19.07,36.22,1026.75,1.55,93.65,OK
2024-02-08 22:00:00,Device_7,25.26,42.3,980.75,2.0,27.49,OK
2024-01-01 00:00:00,Device_7,15.15,83.25,999.21,1.21,96.41,OK
2024-01-17 02:00:00,Device_4,26.51,25.43,1029.65,1.02,68.87,Warning
2024-02-10 12:00:00,Device_2,42.09,78.02,973.25,4.77,20.1,OK
2024-01-15 11:00:00,Device_4,29.16,44.42,972.6,4.59,91.52,Warning
2024-01-08 21:00:00,Device_6,10.72,56.51,1005.11,0.23,61.74,OK
2024-01-22 00:00:00,Device_3,26.86,75.61,1002.36,1.69,41.01,Critical
2024-01-08 22:00:00,Device_1,11.09,81.91,978.23,2.03,81.38,OK
2024-01-22 03:00:00,Device_8,48.65,44.13,979.81,1.2,94.13,OK
2024-01-16 08:00:00,Device_5,15.1,52.33,977.78,3.14,58.7,OK
2024-01-18 00:00:00,Device_5,38.31,49.02,1027.15,3.2,45.24,Warning
2024-02-04 07:00:00,Device_4,48.91,20.93,1015.19,4.25,83.12,OK
2024-02-08 16:00:00,Device_6,43.04,40.72,1033.24,3.7,74.54,Critical
2024-02-08 21:00:00,Device_3,37.97,52.14,1047.55,2.71,91.1,Critical
2024-01-05 20:00:00,Device_9,43.58,48.78,997.42,3.27,75.4,Warning
2024-01-06 13:00:00,Device_5,49.27,70.54,956.67,1.37,39.48,OK
2024-01-03 09:00:00,Device_3,34.85,46.94,954.81,2.97,94.53,Warning
2024-01-24 03:00:00,Device_1,32.37,54.26,979.57,2.45,28.39,Warning
2024-01-29 12:00:00,Device_10,35.13,50.07,1043.25,0.67,41.44,OK
2024-01-28 23:00:00,Device_6,31.31,71.84,1002.32,1.21,61.62,OK
2024-01-08 04:00:00,Device_2,35.4,80.41,977.18,1.46,65.26,OK
2024-02-04 12:00:00,Device_3,27.99,57.23,989.92,4.62,21.22,OK
2024-02-03 22:00:00,Device_1,18.74,75.26,1009.86,1.15,82.45,OK
2024-01-07 04:00:00,Device_9,14.81,40.78,1015.29,1.45,48.93,Critical
2024-01-04 07:00:00,Device_8,12.73,57.9,965.39,1.85,52.51,OK
2024-02-06 21:00:00,Device_2,20.53,44.17,1047.7,3.32,84.75,OK
2024-01-09 20:00:00,Device_8,11.84,48.99,1004.48,0.59,50.34,Critical
2024-01-09 10:00:00,Device_9,32.69,71.27,963.57,4.77,23.78,OK
2024-02-01 19:00:00,Device_1,21.35,81.72,1039.36,4.33,34.12,Warning
2024-01-10 12:00:00,Device_5,42.98,28.5,957.46,2.89,96.47,OK
2024-01-29 03:00:00,Device_8,12.97,64.42,1040.77,3.37,25.63,OK
2024-01-10 10:00:00,Device_2,19.05,60.75,1049.66,0.08,48.39,OK
2024-01-28 10:00:00,Device_4,39.21,28.29,1020.04,1.69,60.25,OK
2024-01-23 03:00:00,Device_7,33.95,34.83,1027.04,3.98,59.46,OK
2024-01-19 08:00:00,Device_3,12.58,41.77,983.73,0.39,20.32,Warning
2024-01-17 17:00:00,Device_5,45.09,31.69,1044.16,1.41,60.09,OK
2024-01-02 22:00:00,Device_8,45.09,37.06,1002.97,2.93,50.7,Warning
2024-01-10 16:00:00,Device_10,23.22,38.73,1023.24,1.28,97.77,OK
2024-01-13 16:00:00,Device_3,23.62,43.5,1042.41,4.67,32.73,OK
2024-01-22 21:00:00,Device_4,49.56,72.46,1047.52,0.66,48.33,OK
2024-01-06 22:00:00,Device_9,35.05,60.03,1033.32,3.99,53.56,OK
2024-01-18 06:00:00,Device_7,31.25,89.04,980.3,2.54,51.26,Warning
2024-01-22 08:00:00,Device_1,43.53,49.03,1046.65,3.75,73.27,Critical
2024-01-16 12:00:00,Device_4,21.41,72.77,1012.81,1.55,37.24,Warning
2024-01-24 13:00:00,Device_4,27.17,81.0,1043.06,2.57,37.69,OK
2024-02-06 21:00:00,Device_9,20.71,67.53,1017.61,4.28,78.34,OK
2024-01-11 18:00:00,Device_6,41.57,48.83,980.72,2.33,60.02,OK
2024-01-28 07:00:00,Device_9,32.93,72.75,987.0,1.8,53.21,Warning
2024-01-20 14:00:00,Device_6,36.35,34.26,1005.05,2.68,33.54,OK
2024-02-09 16:00:00,Device_6,20.09,42.93,1029.0,3.59,35.0,OK
2024-02-10 10:00:00,Device_5,18.81,58.27,981.8,2.22,20.84,OK
2024-01-01 11:00:00,Device_5,29.53,60.28,1007.97,4.69,27.31,OK
2024-01-14 17:00:00,Device_2,39.5,21.55,984.56,1.47,64.55,OK
2024-01-31 15:00:00,Device_8,31.01,86.16,1031.58,2.38,91.35,OK
2024-02-02 15:00:00,Device_8,11.31,68.76,996.67,3.78,42.97,Warning
2024-02-10 07:00:00,Device_1,44.74,54.7,957.67,3.45,46.22,Critical
2024-01-15 21:00:00,Device_8,12.59,85.32,966.61,4.32,29.25,OK
2024-02-10 11:00:00,Device_5,48.23,50.74,956.11,4.98,51.09,OK
2024-01-17 23:00:00,Device_2,11.01,88.63,999.93,2.13,22.98,OK
2024-01-28 19:00:00,Device_2,37.78,55.86,960.63,0.56,93.41,Critical
2024-01-16 12:00:00,Device_6,13.29,28.0,961.41,0.15,73.85,Critical
2024-01-01 07:00:00,Device_9,46.43,73.54,1044.1,3.63,99.26,Critical
2024-01-06 01:00:00,Device_1,28.58,67.52,1037.27,4.37,90.63,Warning
2024-01-15 11:00:00,Device_6,15.5,74.11,995.21,1.1,57.84,OK
2024-01-29 03:00:00,Device_9,23.63,86.6,1048.58,0.79,61.57,Warning
2024-01-04 17:00:00,Device_8,16.59,74.35,950.02,0.31,35.25,OK
2024-01-27 23:00:00,Device_6,16.82,62.79,1011.4,4.11,56.96,OK
2024-01-30 01:00:00,Device_3,47.92,80.01,1011.64,1.56,92.24,Warning
2024-01-14 03:00:00,Device_8,27.81,67.13,995.74,2.01,24.07,OK
2024-01-08 09:00:00,Device_9,41.55,48.57,989.69,2.51,89.08,OK
2024-01-23 11:00:00,Device_1,35.58,81.99,995.54,4.2,47.28,OK
2024-01-31 11:00:00,Device_9,37.06,35.53,991.5,3.25,91.96,OK
2024-02-06 04:00:00,Device_6,15.27,70.02,1023.05,3.08,95.27,Warning
2024-01-02 16:00:00,Device_6,19.37,81.71,963.54,0.88,73.67,OK
2024-01-31 19:00:00,Device_4,41.47,71.19,969.76,2.57,73.15,OK
2024-01-30 07:00:00,Device_1,48.83,68.81,968.05,3.58,56.22,OK
2024-02-08 10:00:00,Device_10,20.51,72.68,976.25,4.87,86.84,OK
2024-01-21 21:00:00,Device_8,20.86,52.55,1002.53,1.01,96.93,OK
2024-02-09 22:00:00,Device_2,28.92,81.19,961.12,0.05,82.01,OK
2024-01-07 00:00:00,Device_1,49.35,34.24,1036.82,0.38,69.75,OK
2024-01-09 08:00:00,Device_2,20.76,28.92,979.74,1.88,68.54,Warning
2024-02-08 16:00:00,Device_1,26.28,39.99,966.25,4.1,87.96,Critical
2024-01-31 03:00:00,Device_1,45.66,57.21,1017.56,0.04,63.3,OK
2024-01-20 04:00:00,Device_9,10.12,55.74,953.81,2.28,84.31,OK
2024-01-31 11:00:00,Device_1,11.59,77.44,1012.0,1.65,60.71,OK
2024-02-01 07:00:00,Device_4,34.16,48.32,1019.82,0.26,25.0,Warning
2024-02-08 12:00:00,Device_10,46.3,53.9,971.49,2.25,50.72,OK
2024-02-07 20:00:00,Device_6,19.55,20.94,954.2,1.27,55.56,Warning
2024-01-24 05:00:00,Device_7,28.79,48.68,986.36,1.76,31.33,Warning
2024-01-23 18:00:00,Device_2,28.02,65.34,959.86,3.53,28.2,Critical
2024-01-11 12:00:00,Device_6,28.92,21.09,961.65,2.61,62.84,Critical
2024-01-17 05:00:00,Device_7,34.9,39.66,975.43,0.62,26.81,OK
2024-01-25 17:00:00,Device_10,28.79,34.56,979.55,4.81,44.24,OK
2024-02-06 18:00:00,Device_10,27.9,22.94,1003.0,3.18,79.57,Critical
2024-01-11 15:00:00,Device_2,28.97,53.55,1017.84,3.83,97.15,OK
2024-01-30 12:00:00,Device_2,33.63,32.72,1009.28,0.4,77.43,OK
2024-02-03 22:00:00,Device_10,31.48,72.02,964.84,0.24,99.41,OK
2024-02-08 08:00:00,Device_7,44.17,79.35,967.21,0.1,75.87,OK
2024-01-19 17:00:00,Device_1,11.98,58.19,1037.88,0.94,43.5,Warning
2024-01-01 09:00:00,Device_8,43.33,88.72,1005.84,2.07,73.76,OK
2024-02-04 07:00:00,Device_3,43.76,51.53,1036.99,4.68,76.17,OK
2024-02-03 05:00:00,Device_6,21.4,55.94,987.15,2.29,49.74,Critical
2024-01-11 01:00:00,Device_9,28.51,89.25,1011.44,1.45,21.42,Warning
2024-01-11 10:00:00,Device_6,27.54,36.21,1002.37,2.81,76.26,OK
